{
  "portfolio": {
    "xirr": 0.18192574155600835,
    "bm_xirr": 0.13690743967914387
  },
  "product": {
    "MF_18194": {
      "xirr": 0.13372242611908422,
      "bm_xirr": 0.14301181342528618
    },
    "MF_18349": {
      "xirr": 0.14388241994444625,
      "bm_xirr": 0.09273283185283977
    },
    "MF_18390": {
      "xirr": 0.14263150184495646,
      "bm_xirr": 0.1762495706432189
    },
    "MF_18743": {
      "xirr": 0.13997179285153039,
      "bm_xirr": 0.1531966214667445
    },
    "MF_18924": {
      "xirr": 0.1426887568637459,
      "bm_xirr": 0.0995934898841936
    },
    "MF_21521": {
      "xirr": 0.20949441211260367,
      "bm_xirr": 0.13098947452080703
    },
    "MF_24657": {
      "xirr": 0.08844327860178923,
      "bm_xirr": 0.04273219755432048
    },
    "MF_24804": {
      "xirr": 0.20525143455926484,
      "bm_xirr": 0.17133592974952266
    },
    "MF_31710": {
      "xirr": 0.17775175423450007,
      "bm_xirr": 0.14757657664252127
    },
    "MF_31897": {
      "xirr": -0.561867179171801,
      "bm_xirr": -0.48700391168766155
    },
    "MF_33230": {
      "xirr": 0.11653221848640546,
      "bm_xirr": 0.11534026027791577
    },
    "MF_39516": {
      "xirr": -0.5491466624690996,
      "bm_xirr": -0.5101843876730318
    },
    "MF_40073": {
      "xirr": -0.34264195126384533,
      "bm_xirr": -0.3190332101990793
    },
    "MF_42352": {
      "xirr": 0.150687710357153,
      "bm_xirr": 0.20097766558797495
    },
    "MF_45614": {
      "xirr": -0.2722831523389716,
      "bm_xirr": -0.2746919045703837
    },
    "MF_45615": {
      "xirr": -0.252508229786412,
      "bm_xirr": -0.25944894896999177
    },
    "MF_45860": {
      "xirr": -0.4851597426131463,
      "bm_xirr": -0.48611155202645684
    },
    "MF_45873": {
      "xirr": -0.3162120419040479,
      "bm_xirr": -0.49304594252036504
    },
    "MF_46186": {
      "xirr": -0.4974052915046792,
      "bm_xirr": -0.5077897562611516
    },
    "MF_8544": {
      "xirr": 0.06602485063718685,
      "bm_xirr": -3.501608111776964e-10
    }
  },
  "category": {
    "Debt - Liquid Fund": {
      "xirr": 0.06602485063718685,
      "bm_xirr": -3.501608111776964e-10
    },
    "Equity - Flexi Cap Fund": {
      "xirr": 0.20948775072554982,
      "bm_xirr": 0.13098292116717586
    },
    "Equity - Large & Mid Cap Fund": {
      "xirr": 0.1398739152902397,
      "bm_xirr": 0.14894246321894458
    },
    "Equity - Mid Cap Fund": {
      "xirr": 0.13372242611908422,
      "bm_xirr": 0.14301181342528618
    },
    "Equity - Small cap Fund": {
      "xirr": 0.1359990357443263,
      "bm_xirr": 0.16106751236947373
    },
    "Hybrid - Aggressive Hybrid Fund": {
      "xirr": 0.11653221848640546,
      "bm_xirr": 0.11534026027791577
    },
    "Index Funds - Nifty": {
      "xirr": -0.25303527448984603,
      "bm_xirr": -0.25985408062135246
    },
    "Index Funds - Nifty Next 50": {
      "xirr": -0.4867250186860828,
      "bm_xirr": -0.48890007921095596
    },
    "Index Funds - Other": {
      "xirr": -0.3162120419040479,
      "bm_xirr": -0.49304594252036504
    },
    "Solution Oriented - Retirement Fund - Equity": {
      "xirr": 0.20525143455926484,
      "bm_xirr": 0.17133592974952266
    }
  },
  "asset": {
    "Debt": {
      "xirr": 0.06602485063718685,
      "bm_xirr": -3.501608111776964e-10
    },
    "Equity": {
      "xirr": 0.19132885822568874,
      "bm_xirr": 0.13820244931141115
    },
    "Multi Asset": {
      "xirr": 0.11653221848640546,
      "bm_xirr": 0.11534026027791577
    },
    "Others": {
      "xirr": 0.20525143455926484,
      "bm_xirr": 0.17133592974952266
    }
  },
  "amc": {
    "Axis Asset Management Company Ltd": {
      "xirr": 0.11056751086293638,
      "bm_xirr": 0.09195997284681687,
      "asset": {
        "Equity": {
          "xirr": 0.11056751086293638,
          "bm_xirr": 0.09195997284681687
        }
      }
    },
    "Canara Robeco Asset Management Company Limited": {
      "xirr": 0.15021144347518348,
      "bm_xirr": 0.19361872196193508,
      "asset": {
        "Equity": {
          "xirr": 0.15021144347518348,
          "bm_xirr": 0.19361872196193508
        }
      }
    },
    "HDFC Asset Management Company Limited": {
      "xirr": 0.20525143455926484,
      "bm_xirr": 0.17133592974952266,
      "asset": {
        "Others": {
          "xirr": 0.20525143455926484,
          "bm_xirr": 0.17133592974952266
        }
      }
    },
    "Invesco Asset Management Company Pvt Ltd.": {
      "xirr": 0.1426887568637459,
      "bm_xirr": 0.0995934898841936,
      "asset": {
        "Equity": {
          "xirr": 0.1426887568637459,
          "bm_xirr": 0.0995934898841936
        }
      }
    },
    "Mirae Asset Investment Managers (India) Private Limited": {
      "xirr": 0.11920507461959988,
      "bm_xirr": 0.11968418388554385,
      "asset": {
        "Equity": {
          "xirr": 0.13997179285153039,
          "bm_xirr": 0.1531966214667445
        },
        "Multi Asset": {
          "xirr": 0.11653221848640546,
          "bm_xirr": 0.11534026027791577
        }
      }
    },
    "Motilal Oswal Asset Management": {
      "xirr": 0.17775175423450007,
      "bm_xirr": 0.14757657664252127,
      "asset": {
        "Equity": {
          "xirr": 0.17775175423450007,
          "bm_xirr": 0.14757657664252127
        }
      }
    },
    "Navi AMC Limited": {
      "xirr": -0.42133795421329434,
      "bm_xirr": -0.41339933091975284,
      "asset": {
        "Debt": {
          "xirr": 0.06602485063718685,
          "bm_xirr": -3.501608111776964e-10
        },
        "Equity": {
          "xirr": -0.4342267400404659,
          "bm_xirr": -0.424760353336966
        }
      }
    },
    "PPFAS Asset Management Pvt. Ltd.": {
      "xirr": 0.20949441211260367,
      "bm_xirr": 0.13098947452080703,
      "asset": {
        "Equity": {
          "xirr": 0.20949441211260367,
          "bm_xirr": 0.13098947452080703
        }
      }
    },
    "SBI Funds Management Limited": {
      "xirr": 0.14263150184495646,
      "bm_xirr": 0.1762495706432189,
      "asset": {
        "Equity": {
          "xirr": 0.14263150184495646,
          "bm_xirr": 0.1762495706432189
        }
      }
    }
  },
  "sebi_classification": {
    "Debt": {
      "xirr": 0.06602485063718685,
      "bm_xirr": -3.501608111776964e-10
    },
    "Equity": {
      "xirr": 0.19132885822568874,
      "bm_xirr": 0.13820244931141115
    },
    "Hybrid": {
      "xirr": 0.11653221848640546,
      "bm_xirr": 0.11534026027791577
    },
    "Other": {
      "xirr": 0.20525143455926484,
      "bm_xirr": 0.17133592974952266
    }
  },
  "ignore_list": [],
  "broker_name": {
    "VALUEPLUS TECHNOLOGIES PRIVATE LIMITED": {
      "xirr": -0.47898669471103433,
      "bm_xirr": -0.43500976165429417,
      "asset": {
        "Equity": {
          "xirr": -0.47898669471103433,
          "bm_xirr": -0.43500976165429417
        }
      }
    },
    "SWATI GOYAL": {
      "xirr": -0.4807343848086934,
      "bm_xirr": -0.4689378051157917,
      "asset": {
        "Debt": {
          "xirr": 0.06602485063718685,
          "bm_xirr": -3.501608111776964e-10
        },
        "Equity": {
          "xirr": -0.5043336246191781,
          "bm_xirr": -0.4901060690346624
        }
      }
    },
    "DIRECT": {
      "xirr": 0.18200144790587974,
      "bm_xirr": 0.13699385366545583,
      "asset": {
        "Equity": {
          "xirr": 0.1914357445630143,
          "bm_xirr": 0.13831201794832965
        },
        "Multi Asset": {
          "xirr": 0.11653221848640546,
          "bm_xirr": 0.11534026027791577
        },
        "Others": {
          "xirr": 0.20525143455926484,
          "bm_xirr": 0.17133592974952266
        }
      }
    },
    "PAISABAZAAR MARKETING AND CONSULTING PRIVATE LIMITED": {
      "xirr": 0.17775175423450007,
      "bm_xirr": 0.14757657664252127,
      "asset": {
        "Equity": {
          "xirr": 0.17775175423450007,